{
  "metric_name": "macro_auroc",
  "metrics": {
    "1": 0.9655815626788009,
    "2": 0.9575451863720986,
    "3": 0.9549874340717251,
    "4": 0.968383572985473,
    "5": 0.9561585474754796,
    "6": 0.9348246629900687,
    "7": 0.9396234407447885,
    "8": 0.9374814720787589,
    "9": 0.9515097800446572,
    "10": 0.9565480179109935,
    "11": 0.9451894202424748,
    "12": 0.9562884088807151,
    "13": 0.948973002783439,
    "14": 0.9558605744066637,
    "15": 0.9581875969428398,
    "16": 0.9521425741051577,
    "17": 0.7092843482059076,
    "18": 0.7087361083725464,
    "19": 0.9623337241350113,
    "20": 0.9584643366646203
  }
}