{
  "loss": 0.2729788986095695,
  "macro_auroc": 0.7087361083725464
}