{
  "loss": 0.10568089594487019,
  "macro_auroc": 0.9561585474754796
}