{
  "loss": 0.11305012615747327,
  "macro_auroc": 0.9451894202424748
}