{
  "loss": 0.10698454888887281,
  "macro_auroc": 0.9515097800446572
}