{
  "loss": 0.1035140199041783,
  "macro_auroc": 0.9584643366646203
}