{
  "loss": 0.1045771655036893,
  "macro_auroc": 0.9558605744066637
}