{
  "loss": 0.27208786122663575,
  "macro_auroc": 0.7092843482059076
}