{
  "loss": 0.11127133146904442,
  "macro_auroc": 0.9565480179109935
}