{
  "loss": 0.0964698266384383,
  "macro_auroc": 0.9655815626788009
}