{
  "loss": 0.09487477374389182,
  "macro_auroc": 0.9623337241350113
}