{
  "loss": 0.09832360022843666,
  "macro_auroc": 0.968383572985473
}