{
  "loss": 0.10365554853037455,
  "macro_auroc": 0.9562884088807151
}