{
  "loss": 0.1128034427696961,
  "macro_auroc": 0.948973002783439
}