{
  "loss": 0.12198979000857824,
  "macro_auroc": 0.9374814720787589
}