{
  "loss": 0.1013796060756825,
  "macro_auroc": 0.9581875969428398
}