{
  "loss": 0.1141045669410947,
  "macro_auroc": 0.9549874340717251
}