{
  "loss": 0.11600270151571415,
  "macro_auroc": 0.9396234407447885
}