{
  "loss": 0.1220885327159057,
  "macro_auroc": 0.9348246629900687
}