{
  "loss": 0.1013779435876155,
  "macro_auroc": 0.9575451863720986
}