{
  "loss": 0.10655593338491615,
  "macro_auroc": 0.9521425741051577
}